{"cameraMode":{"drawMode":31,"name":"Sprite Mask","section":"Miscellaneous"},"sceneLighting":false,"audioPlay":false,"sceneViewState":{"showFog":true,"showMaterialUpdate":false,"showSkybox":false,"showFlares":true,"showImageEffects":true,"showParticleSystems":true,"showVisualEffectGraphs":true,"m_FxEnabled":true},"in2DMode":false,"pivot":{"x":540.3411254882813,"y":216.41879272460938,"z":16.340944290161134},"rotation":{"x":0.057497892528772357,"y":0.01048287469893694,"z":-0.0006032962119206786,"w":0.9982916712760925},"size":160.68377685546876,"orthographic":false}