{"cameraMode":{"drawMode":0,"name":"Shaded","section":"Shading Mode"},"sceneLighting":false,"audioPlay":false,"sceneViewState":{"showFog":true,"showMaterialUpdate":false,"showSkybox":false,"showFlares":true,"showImageEffects":true,"showParticleSystems":true,"showVisualEffectGraphs":true,"m_FxEnabled":true},"in2DMode":false,"pivot":{"x":0.11127661913633347,"y":0.5452527403831482,"z":-0.574662446975708},"rotation":{"x":0.14254510402679444,"y":0.002969362773001194,"z":-0.00042763788951560855,"w":0.9897841811180115},"size":1.005037784576416,"orthographic":false}