{"cameraMode":{"drawMode":0,"name":"Shaded","section":"Shading Mode"},"sceneLighting":false,"audioPlay":false,"sceneViewState":{"showFog":true,"showMaterialUpdate":false,"showSkybox":false,"showFlares":true,"showImageEffects":true,"showParticleSystems":true,"showVisualEffectGraphs":true,"m_FxEnabled":true},"in2DMode":false,"pivot":{"x":0.16323328018188477,"y":2.5044896602630617,"z":-0.5786572098731995},"rotation":{"x":0.47675520181655886,"y":0.014502882957458496,"z":-0.007867172360420227,"w":0.8788824081420898},"size":1.005037784576416,"orthographic":false}