{"cameraMode":{"drawMode":0,"name":"Shaded","section":"Shading Mode"},"sceneLighting":false,"audioPlay":false,"sceneViewState":{"showFog":true,"showMaterialUpdate":false,"showSkybox":false,"showFlares":true,"showImageEffects":true,"showParticleSystems":true,"showVisualEffectGraphs":true,"m_FxEnabled":true},"in2DMode":false,"pivot":{"x":5.960464477539063e-8,"y":0.42374998331069949,"z":-0.004606425762176514},"rotation":{"x":0.057497892528772357,"y":0.01048287469893694,"z":-0.0006032962119206786,"w":0.9982916712760925},"size":0.8271589279174805,"orthographic":false}