{"cameraMode":{"drawMode":0,"name":"Shaded","section":"Shading Mode"},"sceneLighting":false,"audioPlay":false,"sceneViewState":{"showFog":true,"showMaterialUpdate":false,"showSkybox":false,"showFlares":true,"showImageEffects":true,"showParticleSystems":true,"showVisualEffectGraphs":true,"m_FxEnabled":true},"in2DMode":false,"pivot":{"x":0.013028505258262158,"y":-0.22718626260757447,"z":0.45995575189590456},"rotation":{"x":0.027528705075383188,"y":0.007497091311961412,"z":-0.00020647422934416682,"w":0.999592661857605},"size":1.2999968528747559,"orthographic":false}