{"cameraMode":{"drawMode":0,"name":"Shaded","section":"Shading Mode"},"sceneLighting":false,"audioPlay":false,"sceneViewState":{"showFog":true,"showMaterialUpdate":false,"showSkybox":false,"showFlares":true,"showImageEffects":true,"showParticleSystems":true,"showVisualEffectGraphs":true,"m_FxEnabled":true},"in2DMode":false,"pivot":{"x":0.20979970693588258,"y":0.8908127546310425,"z":3.5801916122436525},"rotation":{"x":0.4475500285625458,"y":0.005365496035665274,"z":-0.0026853345334529878,"w":0.8942386507987976},"size":9.51503849029541,"orthographic":false}